label,hidden_sizes,activation,init,optimizer,lr,batch_size,max_epochs,warmup_epochs,decay,patience,weighted_loss,seed,depth,width,rmse_mean,rmse_std,mae_mean,mae_std,r2_mean,r2_std,best_epoch_mean,epochs_to_threshold_mean,gap_at_best_mean,dead_fraction_mean,seconds_mean,folds_reaching_threshold,diverged_folds
sigmoid 2x64,64x64,sigmoid,auto,adam,0.001,256,500,0.0,constant,20,False,0,2,64,4.323783227096864,0.03707140034232516,3.28769802477429,0.03271480490905836,0.5034836763902499,0.008774713496190512,493.4,420.2,0.003514861421337967,,17.928788974997588,5.0,0.0
sigmoid 2x64,64x64,sigmoid,auto,adam,0.001,256,500,0.0,constant,20,False,1,2,64,4.349320572558105,0.037990096641508,3.312132782145233,0.03884878933321631,0.4975959803480922,0.00927315312576268,496.6,438.25,0.004174832492970393,,17.77233517500281,4.0,0.0
sigmoid 2x64,64x64,sigmoid,auto,adam,0.001,256,500,0.0,constant,20,False,2,2,64,4.358275206963285,0.05259644767639708,3.337171985352294,0.04785753773559094,0.4954976483324831,0.012569871201374127,497.6,411.5,0.003978583942624192,,17.256556083398756,2.0,0.0
tanh 2x64,64x64,tanh,auto,adam,0.001,256,500,0.0,constant,20,False,0,2,64,4.033165659664403,0.08268712902963318,2.96597324656286,0.10263538606963571,0.5678522338588424,0.01825782914448713,291.2,62.0,0.04132503387895473,,13.415690650197211,5.0,0.0
tanh 2x64,64x64,tanh,auto,adam,0.001,256,500,0.0,constant,20,False,1,2,64,4.046093664480229,0.07331884961065538,2.9790718448548126,0.07353471327011109,0.5651229500842558,0.015930272064004644,277.2,62.0,0.0401197241074262,,13.422309675000724,5.0,0.0
tanh 2x64,64x64,tanh,auto,adam,0.001,256,500,0.0,constant,20,False,2,2,64,4.109049630992191,0.11154996714244667,3.052877312584011,0.10440382097524907,0.5513409568650434,0.024479520811073262,211.0,68.4,0.027488863172427304,,10.290790966601344,5.0,0.0
relu 2x64,64x64,relu,auto,adam,0.001,256,500,0.0,constant,20,False,0,2,64,4.09420994666513,0.046229375563403306,3.026638084795021,0.056502982287017896,0.5547852735329222,0.010464460077056157,149.4,22.6,0.04769194916359698,0.003125,5.086479975000839,5.0,0.0
relu 2x64,64x64,relu,auto,adam,0.001,256,500,0.0,constant,20,False,1,2,64,4.094917914204932,0.028503004814705687,3.0123497033924087,0.05037004383336593,0.5546657405987873,0.0063306616194110975,140.8,19.6,0.03613394400134412,0.00625,5.0194726500049,5.0,0.0
relu 2x64,64x64,relu,auto,adam,0.001,256,500,0.0,constant,20,False,2,2,64,4.080211449390742,0.04556718481326248,3.001579847039811,0.0542033710830462,0.5578269920867502,0.010210614948463403,171.8,21.0,0.04681075046944903,0.0,5.915675217000535,5.0,0.0
leaky_relu 2x64,64x64,leaky_relu,auto,adam,0.001,256,500,0.0,constant,20,False,0,2,64,4.097129683911869,0.03667573982168933,3.036237628787034,0.025293678780316707,0.5541701618908357,0.008292592552258995,132.2,22.8,0.038949948783655076,0.003125,5.007717049997882,5.0,0.0
leaky_relu 2x64,64x64,leaky_relu,auto,adam,0.001,256,500,0.0,constant,20,False,1,2,64,4.076189760049878,0.0432858410369241,3.0082720275414774,0.0468679949859972,0.5586981547363807,0.009958123039456269,170.8,19.8,0.046583038315070005,0.0,6.488598492002348,5.0,0.0
leaky_relu 2x64,64x64,leaky_relu,auto,adam,0.001,256,500,0.0,constant,20,False,2,2,64,4.110222729898693,0.05342635366413776,3.0406235645754225,0.06799577140314932,0.5512772042492547,0.012203939710344213,132.0,21.0,0.03597449831117391,0.0015625,4.899155758399866,5.0,0.0
sigmoid 4x64,64x64x64x64,sigmoid,auto,adam,0.001,256,500,0.0,constant,20,False,0,4,64,4.302977502021284,0.043454957392128235,3.1975768561804907,0.03877108039290766,0.5082334059309599,0.010465644971965017,473.6,371.8,-0.00012454790836575748,,27.043102675001137,5.0,0.0
sigmoid 4x64,64x64x64x64,sigmoid,auto,adam,0.001,256,500,0.0,constant,20,False,1,4,64,4.255726304552587,0.04871748626535359,3.162572979590725,0.04638467920695584,0.5189614787543642,0.01155726651329071,480.4,327.4,0.004671977460972099,,27.73667883320013,5.0,0.0
sigmoid 4x64,64x64x64x64,sigmoid,auto,adam,0.001,256,500,0.0,constant,20,False,2,4,64,4.23201478702946,0.07123313113987535,3.149050332170543,0.06260770470365627,0.5242540476826182,0.01634629393716658,489.2,319.8,0.004868409459105871,,27.934384725202108,5.0,0.0
tanh 4x64,64x64x64x64,tanh,auto,adam,0.001,256,500,0.0,constant,20,False,0,4,64,3.8830423260806683,0.060555256813298784,2.7626675791935797,0.0580084331600852,0.599492240542103,0.01269661806922445,121.0,20.8,0.0991940308035177,,10.665979541599517,5.0,0.0
tanh 4x64,64x64x64x64,tanh,auto,adam,0.001,256,500,0.0,constant,20,False,1,4,64,3.8902252812758986,0.03717639554309518,2.762832621503539,0.03917622966929835,0.5980598194369585,0.007869887421169173,121.8,22.6,0.10907276415379161,,10.549484574998496,5.0,0.0
tanh 4x64,64x64x64x64,tanh,auto,adam,0.001,256,500,0.0,constant,20,False,2,4,64,3.9189698443061145,0.020441115212355025,2.778264273353826,0.02104858804293065,0.5921208933309903,0.004345056904048002,120.0,19.8,0.09630480680291167,,10.510814250001568,5.0,0.0
relu 4x64,64x64x64x64,relu,auto,adam,0.001,256,500,0.0,constant,20,False,0,4,64,3.9746668605711797,0.020781091019179573,2.850398255960704,0.040605401659252645,0.5804419008338909,0.004816453134034229,66.6,8.4,0.09381199518880266,0.00078125,4.149396000400884,5.0,0.0
relu 4x64,64x64x64x64,relu,auto,adam,0.001,256,500,0.0,constant,20,False,1,4,64,3.9741545195149435,0.03301823986501052,2.8555281226102087,0.05379864421225678,0.5805320058530998,0.0075005375427090555,60.0,9.2,0.06950775115372602,0.00625,3.999145866598701,5.0,0.0
relu 4x64,64x64x64x64,relu,auto,adam,0.001,256,500,0.0,constant,20,False,2,4,64,3.9475345254256156,0.03576991988968002,2.809107423891568,0.029432619711862444,0.586133293295455,0.007705714689666082,71.8,8.2,0.09070704922619571,0.0046875,4.453543566397275,5.0,0.0
leaky_relu 4x64,64x64x64x64,leaky_relu,auto,adam,0.001,256,500,0.0,constant,20,False,0,4,64,3.968800024728927,0.04342595542035813,2.8360298590824593,0.02600390419079713,0.5816521324885021,0.009216005838296968,86.6,9.2,0.10844613443938136,0.0,5.081352291803341,5.0,0.0
leaky_relu 4x64,64x64x64x64,leaky_relu,auto,adam,0.001,256,500,0.0,constant,20,False,1,4,64,3.9753968960025667,0.04500002355861394,2.835997339323271,0.06340342763381165,0.5802532532386564,0.009720043948576292,76.4,8.4,0.09367532755121961,0.00078125,4.625690008400125,5.0,0.0
leaky_relu 4x64,64x64x64x64,leaky_relu,auto,adam,0.001,256,500,0.0,constant,20,False,2,4,64,3.9289592601551235,0.029900166962022637,2.782787383399182,0.04495510851212103,0.5900274117002328,0.006382477402479023,93.4,7.8,0.10714313877821251,0.0,4.524180550000165,5.0,0.0
