,unweighted,unweighted,weighted,weighted
,rmse,bias,rmse,bias
bin,,,,
0-3,3.1489166920997866,1.9520104776780371,4.164450668970717,2.8359628262499768
3-6,3.857061993762018,2.269154658498852,4.36343396756813,2.786021650122636
6-9,3.368504050633494,1.3210008770688482,3.243123096102277,1.440295483030953
9-12,3.2158102803732533,-0.5316022393651749,2.908451027699988,-0.5502511932254457
12-15,4.112987461196442,-2.3778583935751656,3.7691358884861415,-2.352912838559209
15-18,5.385905764631349,-3.9360376913606405,4.961098996235824,-3.8087915150292986
18-21,6.966832554115428,-5.581286423987933,6.501560784072552,-5.40751057610061
