warmup,lr,seed,diverged,diverged_at_epoch,val_rmse
False,0.005,0,False,,3.683872594005183
False,0.005,1,False,,3.764201505416224
False,0.005,2,False,,3.7479940696766016
False,0.01,0,False,,3.804363308297992
False,0.01,1,True,1.0,
False,0.01,2,True,1.0,
False,0.02,0,True,1.0,
False,0.02,1,True,1.0,
False,0.02,2,True,1.0,
False,0.03,0,True,1.0,
False,0.03,1,True,1.0,
False,0.03,2,True,1.0,
False,0.05,0,True,1.0,
False,0.05,1,True,1.0,
False,0.05,2,True,1.0,
False,0.1,0,True,1.0,
False,0.1,1,True,1.0,
False,0.1,2,True,1.0,
False,0.2,0,True,1.0,
False,0.2,1,True,1.0,
False,0.2,2,True,1.0,
True,0.005,0,False,,3.6539289602474025
True,0.005,1,False,,3.7124006492429262
True,0.005,2,False,,3.672965086383286
True,0.01,0,False,,3.5730899401775633
True,0.01,1,False,,3.664960539982683
True,0.01,2,False,,3.6362670754770123
True,0.02,0,False,,3.590255600850037
True,0.02,1,False,,3.659678653013974
True,0.02,2,False,,3.6431551413999936
True,0.03,0,False,,3.600429042716694
True,0.03,1,False,,3.677352200613709
True,0.03,2,False,,3.688762798468168
True,0.05,0,False,,3.6500506868983478
True,0.05,1,False,,3.7260142051427985
True,0.05,2,False,,3.764599972295567
True,0.1,0,False,,3.6655234160166277
True,0.1,1,False,,3.7614621847523937
True,0.1,2,False,,3.703614952941852
True,0.2,0,False,,3.6821572395365685
True,0.2,1,False,,3.748799174292808
True,0.2,2,False,,3.7587734021210184
