condition,warmup,lr,seed,warmup_epochs,retrain,dense_val_rmse,dense_test_rmse,dead_fraction,sparsity,actual_sparsity,test_rmse_before_ft,test_rmse_after_ft,delta
B: warmup 1 epoch,True,0.2,0,1,finetune,,,0.0,0.0,0.0,,,
B: warmup 1 epoch,True,0.2,0,1,finetune,,,0.0,0.3,0.0,,,
B: warmup 1 epoch,True,0.2,0,1,finetune,,,0.0,0.5,0.0,,,
B: warmup 1 epoch,True,0.2,0,1,finetune,,,0.0,0.7,0.0,,,
B: warmup 1 epoch,True,0.2,0,1,finetune,,,0.0,0.9,0.0,,,
B: warmup 1 epoch,True,0.2,0,1,finetune,,,0.0,0.95,0.0,,,
B: warmup 1 epoch,True,0.2,0,1,finetune,,,0.0,0.98,0.0,,,
B: warmup 1 epoch,True,0.2,1,1,finetune,,,0.0,0.0,0.0,,,
B: warmup 1 epoch,True,0.2,1,1,finetune,,,0.0,0.3,0.0,,,
B: warmup 1 epoch,True,0.2,1,1,finetune,,,0.0,0.5,0.0,,,
B: warmup 1 epoch,True,0.2,1,1,finetune,,,0.0,0.7,0.0,,,
B: warmup 1 epoch,True,0.2,1,1,finetune,,,0.0,0.9,0.0,,,
B: warmup 1 epoch,True,0.2,1,1,finetune,,,0.0,0.95,0.0,,,
B: warmup 1 epoch,True,0.2,1,1,finetune,,,0.0,0.98,0.0,,,
B: warmup 1 epoch,True,0.2,2,1,finetune,3.717605883511648,3.9020641603173525,0.01171875,0.0,0.0,3.9020641603173525,3.9043930031138068,0.002328842796454289
B: warmup 1 epoch,True,0.2,2,1,finetune,3.717605883511648,3.9020641603173525,0.01171875,0.3,0.30000201093951095,3.9246337059029743,3.8996659711620247,-0.0023981891553277457
B: warmup 1 epoch,True,0.2,2,1,finetune,3.717605883511648,3.9020641603173525,0.01171875,0.5,0.5,4.068014977972838,3.910996055657456,0.008931895340103413
B: warmup 1 epoch,True,0.2,2,1,finetune,3.717605883511648,3.9020641603173525,0.01171875,0.7,0.699997989060489,4.529172875836201,3.9554149378210077,0.053350777503655245
B: warmup 1 epoch,True,0.2,2,1,finetune,3.717605883511648,3.9020641603173525,0.01171875,0.9,0.9000010054697555,5.662573856238798,4.134863348573268,0.23279918825591572
B: warmup 1 epoch,True,0.2,2,1,finetune,3.717605883511648,3.9020641603173525,0.01171875,0.95,0.949997989060489,6.976178171550572,4.446872930616059,0.5448087702987063
B: warmup 1 epoch,True,0.2,2,1,finetune,3.717605883511648,3.9020641603173525,0.01171875,0.98,0.9800012065637066,6.863512965559678,4.891764130777831,0.9896999704604781
B: warmup 1 epoch,True,0.2,3,1,finetune,,,0.0,0.0,0.0,,,
B: warmup 1 epoch,True,0.2,3,1,finetune,,,0.0,0.3,0.0,,,
B: warmup 1 epoch,True,0.2,3,1,finetune,,,0.0,0.5,0.0,,,
B: warmup 1 epoch,True,0.2,3,1,finetune,,,0.0,0.7,0.0,,,
B: warmup 1 epoch,True,0.2,3,1,finetune,,,0.0,0.9,0.0,,,
B: warmup 1 epoch,True,0.2,3,1,finetune,,,0.0,0.95,0.0,,,
B: warmup 1 epoch,True,0.2,3,1,finetune,,,0.0,0.98,0.0,,,
B: warmup 1 epoch,True,0.2,4,1,finetune,3.6853461419054487,3.8424091231718305,0.0498046875,0.0,0.0,3.8424091231718305,3.8445484763053672,0.0021393531335367477
B: warmup 1 epoch,True,0.2,4,1,finetune,3.6853461419054487,3.8424091231718305,0.0498046875,0.3,0.30000201093951095,3.870990529871136,3.840828217032908,-0.0015809061389222556
B: warmup 1 epoch,True,0.2,4,1,finetune,3.6853461419054487,3.8424091231718305,0.0498046875,0.5,0.5,4.027105692919302,3.846757858830086,0.004348735658255443
B: warmup 1 epoch,True,0.2,4,1,finetune,3.6853461419054487,3.8424091231718305,0.0498046875,0.7,0.699997989060489,4.5066818514033296,3.906544779388899,0.06413565621706852
B: warmup 1 epoch,True,0.2,4,1,finetune,3.6853461419054487,3.8424091231718305,0.0498046875,0.9,0.9000010054697555,5.561742915433929,4.2327691627292685,0.39036003955743803
B: warmup 1 epoch,True,0.2,4,1,finetune,3.6853461419054487,3.8424091231718305,0.0498046875,0.95,0.949997989060489,5.920230533334202,4.407343764992721,0.5649346418208903
B: warmup 1 epoch,True,0.2,4,1,finetune,3.6853461419054487,3.8424091231718305,0.0498046875,0.98,0.9800012065637066,6.281570043462859,4.859961045752992,1.0175519225811613
B: warmup 5 epochs,True,0.2,0,5,finetune,3.6821572395365685,3.7973154218225864,0.0009765625,0.0,0.0,3.7973154218225864,3.798416824995047,0.0011014031724605466
B: warmup 5 epochs,True,0.2,0,5,finetune,3.6821572395365685,3.7973154218225864,0.0009765625,0.3,0.30000201093951095,3.836385714204562,3.801192872367708,0.0038774505451217856
B: warmup 5 epochs,True,0.2,0,5,finetune,3.6821572395365685,3.7973154218225864,0.0009765625,0.5,0.5,4.05834164044607,3.8224004938611036,0.025085072038517175
B: warmup 5 epochs,True,0.2,0,5,finetune,3.6821572395365685,3.7973154218225864,0.0009765625,0.7,0.699997989060489,4.7565408609121285,3.9610238429404334,0.163708421117847
B: warmup 5 epochs,True,0.2,0,5,finetune,3.6821572395365685,3.7973154218225864,0.0009765625,0.9,0.9000010054697555,5.9974108423442125,4.32321290611818,0.5258974842955939
B: warmup 5 epochs,True,0.2,0,5,finetune,3.6821572395365685,3.7973154218225864,0.0009765625,0.95,0.949997989060489,6.034725278203215,4.5853285044658785,0.7880130826432921
B: warmup 5 epochs,True,0.2,0,5,finetune,3.6821572395365685,3.7973154218225864,0.0009765625,0.98,0.9800012065637066,6.145019291261198,4.921378291300703,1.124062869478117
B: warmup 5 epochs,True,0.2,1,5,finetune,3.748799174292808,3.85277694702319,0.0,0.0,0.0,3.85277694702319,3.854327975540796,0.0015510285176061345
B: warmup 5 epochs,True,0.2,1,5,finetune,3.748799174292808,3.85277694702319,0.0,0.3,0.30000201093951095,3.9048866962818556,3.851870531871376,-0.0009064151518138885
B: warmup 5 epochs,True,0.2,1,5,finetune,3.748799174292808,3.85277694702319,0.0,0.5,0.5,4.072389644186334,3.8654486543212707,0.012671707298080648
B: warmup 5 epochs,True,0.2,1,5,finetune,3.748799174292808,3.85277694702319,0.0,0.7,0.699997989060489,4.519940072144577,3.9146183221747473,0.06184137515155719
B: warmup 5 epochs,True,0.2,1,5,finetune,3.748799174292808,3.85277694702319,0.0,0.9,0.9000010054697555,5.778242086465896,4.257968064616726,0.4051911175935361
B: warmup 5 epochs,True,0.2,1,5,finetune,3.748799174292808,3.85277694702319,0.0,0.95,0.949997989060489,6.648988546995409,4.527836486415476,0.6750595393922856
B: warmup 5 epochs,True,0.2,1,5,finetune,3.748799174292808,3.85277694702319,0.0,0.98,0.9800012065637066,6.389317066276725,4.900953217440086,1.0481762704168958
B: warmup 5 epochs,True,0.2,2,5,finetune,3.7587734021210184,3.85985519260611,0.001953125,0.0,0.0,3.85985519260611,3.861087632679679,0.001232440073568597
B: warmup 5 epochs,True,0.2,2,5,finetune,3.7587734021210184,3.85985519260611,0.001953125,0.3,0.30000201093951095,3.9001028901882417,3.8591244765280086,-0.0007307160781016009
B: warmup 5 epochs,True,0.2,2,5,finetune,3.7587734021210184,3.85985519260611,0.001953125,0.5,0.5,4.068855689617034,3.8505647729650767,-0.009290419641033498
B: warmup 5 epochs,True,0.2,2,5,finetune,3.7587734021210184,3.85985519260611,0.001953125,0.7,0.699997989060489,4.605530439884783,3.9092542402264603,0.04939904762035008
B: warmup 5 epochs,True,0.2,2,5,finetune,3.7587734021210184,3.85985519260611,0.001953125,0.9,0.9000010054697555,6.206978957489597,4.283529530876299,0.42367433827018885
B: warmup 5 epochs,True,0.2,2,5,finetune,3.7587734021210184,3.85985519260611,0.001953125,0.95,0.949997989060489,6.860193818278008,4.50947865156377,0.6496234589576595
B: warmup 5 epochs,True,0.2,2,5,finetune,3.7587734021210184,3.85985519260611,0.001953125,0.98,0.9800012065637066,7.183711688266226,4.936714640294602,1.0768594476884914
B: warmup 5 epochs,True,0.2,3,5,finetune,3.6967200758491168,3.8275694027676113,0.0029296875,0.0,0.0,3.8275694027676113,3.82930604852212,0.0017366457545087144
B: warmup 5 epochs,True,0.2,3,5,finetune,3.6967200758491168,3.8275694027676113,0.0029296875,0.3,0.30000201093951095,3.889093839359264,3.836485468439945,0.00891606567233394
B: warmup 5 epochs,True,0.2,3,5,finetune,3.6967200758491168,3.8275694027676113,0.0029296875,0.5,0.5,4.074144738372975,3.87183843693234,0.044269034164728716
B: warmup 5 epochs,True,0.2,3,5,finetune,3.6967200758491168,3.8275694027676113,0.0029296875,0.7,0.699997989060489,4.59483666894465,3.908386649091342,0.08081724632373088
B: warmup 5 epochs,True,0.2,3,5,finetune,3.6967200758491168,3.8275694027676113,0.0029296875,0.9,0.9000010054697555,5.721039543436562,4.290234582704427,0.46266517993681555
B: warmup 5 epochs,True,0.2,3,5,finetune,3.6967200758491168,3.8275694027676113,0.0029296875,0.95,0.949997989060489,6.205715699584282,4.5228724253129435,0.6953030225453323
B: warmup 5 epochs,True,0.2,3,5,finetune,3.6967200758491168,3.8275694027676113,0.0029296875,0.98,0.9800012065637066,6.492971586462685,4.970303397620808,1.1427339948531965
B: warmup 5 epochs,True,0.2,4,5,finetune,3.753885404816374,3.8550924303424643,0.001953125,0.0,0.0,3.8550924303424643,3.85677719189913,0.0016847615566657481
B: warmup 5 epochs,True,0.2,4,5,finetune,3.753885404816374,3.8550924303424643,0.001953125,0.3,0.30000201093951095,3.9216828536445942,3.8612781396012443,0.006185709258780037
B: warmup 5 epochs,True,0.2,4,5,finetune,3.753885404816374,3.8550924303424643,0.001953125,0.5,0.5,4.105884915279956,3.875953165945463,0.020860735602998837
B: warmup 5 epochs,True,0.2,4,5,finetune,3.753885404816374,3.8550924303424643,0.001953125,0.7,0.699997989060489,4.556778671596236,3.9417237962033953,0.08663136586093101
B: warmup 5 epochs,True,0.2,4,5,finetune,3.753885404816374,3.8550924303424643,0.001953125,0.9,0.9000010054697555,5.598736328640922,4.254383238835087,0.39929080849262233
B: warmup 5 epochs,True,0.2,4,5,finetune,3.753885404816374,3.8550924303424643,0.001953125,0.95,0.949997989060489,6.257283521268562,4.482736836789875,0.6276444064474105
B: warmup 5 epochs,True,0.2,4,5,finetune,3.753885404816374,3.8550924303424643,0.001953125,0.98,0.9800012065637066,6.031839741799492,4.913404023745522,1.0583115934030576
B: warmup 15 epochs,True,0.2,0,15,finetune,3.6766684181275577,3.774461849122075,0.0,0.0,0.0,3.774461849122075,3.7757869570023863,0.0013251078803113714
B: warmup 15 epochs,True,0.2,0,15,finetune,3.6766684181275577,3.774461849122075,0.0,0.3,0.30000201093951095,3.815526631159707,3.771051992111335,-0.003409857010740147
B: warmup 15 epochs,True,0.2,0,15,finetune,3.6766684181275577,3.774461849122075,0.0,0.5,0.5,4.138568162513481,3.8282485978533494,0.053786748731274425
B: warmup 15 epochs,True,0.2,0,15,finetune,3.6766684181275577,3.774461849122075,0.0,0.7,0.699997989060489,4.684319744558215,3.915203465871072,0.140741616748997
B: warmup 15 epochs,True,0.2,0,15,finetune,3.6766684181275577,3.774461849122075,0.0,0.9,0.9000010054697555,6.736080182981643,4.354768876559382,0.5803070274373074
B: warmup 15 epochs,True,0.2,0,15,finetune,3.6766684181275577,3.774461849122075,0.0,0.95,0.949997989060489,6.936364811631254,4.562813501722717,0.788351652600642
B: warmup 15 epochs,True,0.2,0,15,finetune,3.6766684181275577,3.774461849122075,0.0,0.98,0.9800012065637066,6.236291848107168,4.9148351427046375,1.1403732935825626
B: warmup 15 epochs,True,0.2,1,15,finetune,3.729957478657493,3.788170948065152,0.0,0.0,0.0,3.788170948065152,3.7894246876583644,0.0012537395932121775
B: warmup 15 epochs,True,0.2,1,15,finetune,3.729957478657493,3.788170948065152,0.0,0.3,0.30000201093951095,3.856443511131828,3.804949356001405,0.016778407936252737
B: warmup 15 epochs,True,0.2,1,15,finetune,3.729957478657493,3.788170948065152,0.0,0.5,0.5,4.046890008902875,3.8274385060055987,0.03926755794044645
B: warmup 15 epochs,True,0.2,1,15,finetune,3.729957478657493,3.788170948065152,0.0,0.7,0.699997989060489,4.679291350724574,3.9422908261059324,0.1541198780407802
B: warmup 15 epochs,True,0.2,1,15,finetune,3.729957478657493,3.788170948065152,0.0,0.9,0.9000010054697555,6.516224626721309,4.346881886811601,0.5587109387464486
B: warmup 15 epochs,True,0.2,1,15,finetune,3.729957478657493,3.788170948065152,0.0,0.95,0.949997989060489,6.99256526508893,4.612502374849154,0.8243314267840014
B: warmup 15 epochs,True,0.2,1,15,finetune,3.729957478657493,3.788170948065152,0.0,0.98,0.9800012065637066,7.9006482591147575,4.888114160991706,1.0999432129265538
B: warmup 15 epochs,True,0.2,2,15,finetune,3.6430336258084246,3.791114149259467,0.0009765625,0.0,0.0,3.791114149259467,3.792600613980131,0.0014864647206640491
B: warmup 15 epochs,True,0.2,2,15,finetune,3.6430336258084246,3.791114149259467,0.0009765625,0.3,0.30000201093951095,3.8581566792605915,3.7979948621162345,0.006880712856767612
B: warmup 15 epochs,True,0.2,2,15,finetune,3.6430336258084246,3.791114149259467,0.0009765625,0.5,0.5,4.081114851652482,3.815234496943291,0.024120347683824317
B: warmup 15 epochs,True,0.2,2,15,finetune,3.6430336258084246,3.791114149259467,0.0009765625,0.7,0.699997989060489,4.650597308658737,3.9015572969946035,0.11044314773513664
B: warmup 15 epochs,True,0.2,2,15,finetune,3.6430336258084246,3.791114149259467,0.0009765625,0.9,0.9000010054697555,6.544950364099345,4.352561139042905,0.561446989783438
B: warmup 15 epochs,True,0.2,2,15,finetune,3.6430336258084246,3.791114149259467,0.0009765625,0.95,0.949997989060489,6.533344108411677,4.617363663161608,0.8262495139021415
B: warmup 15 epochs,True,0.2,2,15,finetune,3.6430336258084246,3.791114149259467,0.0009765625,0.98,0.9800012065637066,6.29021486161426,4.9583727429645625,1.1672585937050957
B: warmup 15 epochs,True,0.2,3,15,finetune,3.705289901693901,3.79049411359259,0.0009765625,0.0,0.0,3.79049411359259,3.7921225257139475,0.0016284121213576697
B: warmup 15 epochs,True,0.2,3,15,finetune,3.705289901693901,3.79049411359259,0.0009765625,0.3,0.30000201093951095,3.8382212983208093,3.8021030369730933,0.011608923380503455
B: warmup 15 epochs,True,0.2,3,15,finetune,3.705289901693901,3.79049411359259,0.0009765625,0.5,0.5,4.045526297845684,3.836051047540917,0.04555693394832705
B: warmup 15 epochs,True,0.2,3,15,finetune,3.705289901693901,3.79049411359259,0.0009765625,0.7,0.699997989060489,4.707055090244108,3.9888998446163515,0.1984057310237617
B: warmup 15 epochs,True,0.2,3,15,finetune,3.705289901693901,3.79049411359259,0.0009765625,0.9,0.9000010054697555,6.390801097457096,4.315947859988252,0.5254537463956619
B: warmup 15 epochs,True,0.2,3,15,finetune,3.705289901693901,3.79049411359259,0.0009765625,0.95,0.949997989060489,7.1485730166165355,4.53662707249445,0.7461329589018599
B: warmup 15 epochs,True,0.2,3,15,finetune,3.705289901693901,3.79049411359259,0.0009765625,0.98,0.9800012065637066,8.155348725041785,4.948135905664325,1.1576417920717348
B: warmup 15 epochs,True,0.2,4,15,finetune,3.6541879045029546,3.808465808210637,0.0009765625,0.0,0.0,3.808465808210637,3.8097833633390956,0.0013175551284585474
B: warmup 15 epochs,True,0.2,4,15,finetune,3.6541879045029546,3.808465808210637,0.0009765625,0.3,0.30000201093951095,3.8535490897474642,3.7972427251160905,-0.01122308309454656
B: warmup 15 epochs,True,0.2,4,15,finetune,3.6541879045029546,3.808465808210637,0.0009765625,0.5,0.5,4.035889322881044,3.832725408863732,0.02425960065309507
B: warmup 15 epochs,True,0.2,4,15,finetune,3.6541879045029546,3.808465808210637,0.0009765625,0.7,0.699997989060489,4.88769826577843,3.9457710567787454,0.13730524856810833
B: warmup 15 epochs,True,0.2,4,15,finetune,3.6541879045029546,3.808465808210637,0.0009765625,0.9,0.9000010054697555,6.2920596154863055,4.417710922238149,0.6092451140275124
B: warmup 15 epochs,True,0.2,4,15,finetune,3.6541879045029546,3.808465808210637,0.0009765625,0.95,0.949997989060489,6.010372155258861,4.621773391857323,0.8133075836466857
B: warmup 15 epochs,True,0.2,4,15,finetune,3.6541879045029546,3.808465808210637,0.0009765625,0.98,0.9800012065637066,6.487147882941655,4.885768966046366,1.077303157835729
